,Classifier,State,1990,1991,1992,1993,1994,1995,1996,1997,1998,1999,2000,2001,2002,2003,2004,2005,2006,2007,2008,2009,2010,2011,2012,2013,2014,2015,2016,2017,2018,2019,2020
0,New York,New York,37.2298682284041,44.39942938659058,29.13372093023256,35.72244569589702,39.41903409090909,36.27283040272263,37.966728280961185,40.67873831775701,37.42865074958357,32.97063758389262,29.060156571899466,32.90943575154102,35.76158940397351,29.278344331133773,28.147727272727273,31.3327239488117,31.983957219251337,30.90891959798995,30.184667039731394,29.12004466778336,35.229569557080474,34.668984700973574,34.359444093493366,32.269274376417236,31.84423305588585,33.80350877192983,35.261600928074245,33.49617871840094,34.04044117647059,35.50215119852489,36.82772122161315
0,Los Angeles,California,55.277472527472526,52.148459383753504,49.92328767123288,36.38904109589041,46.49041095890411,43.397260273972606,36.72677595628415,32.06849315068493,36.04683195592286,35.222527472527474,33.04644808743169,35.386806596701646,37.6171875,39.035616438356165,47.16721854304636,37.338820301783265,35.86088154269972,37.37150837988827,38.366573033707866,35.642265193370164,33.861870503597125,34.71828908554572,36.53909465020576,36.29189944134078,40.271232876712325,41.87123287671233,40.539310344827584,41.967032967032964,38.34254143646409,37.5363511659808,39.21780303030303
0,Chicago,Illinois,31.20746887966805,35.78605769230769,25.622281167108753,23.441126279863482,27.5347689546882,34.953125,29.291191236878138,31.309782608695652,32.995179666958805,36.02361853832442,30.643203883495147,37.50479413423576,41.94723127035831,35.38026315789474,32.98166339227243,41.91043771043771,35.14018087855297,40.82648401826484,34.702365308804204,33.580078125,39.66215344938749,37.13475699558174,42.191616766467064,35.47086466165413,36.40600522193211,36.98986058301648,41.2379746835443,40.28414634146341,39.0785536159601,40.30392156862745,42.6205035971223
0,Houston,Texas,43.61076873175478,39.74050430896904,37.51552587646077,34.473665480427044,38.56941649899397,49.354289253638896,38.114302125215396,43.696272568433315,44.21924065087068,50.69211409395973,43.770164553547346,38.664066431806745,36.089769307923774,40.062217762167585,37.66367041198502,41.1284076433121,38.49132270168855,34.35044899838821,35.29239904988123,33.76030569708198,35.72605893186004,38.128264386410905,37.350443751499164,34.46813848469644,31.462411705348135,35.84294343767161,34.11558620689655,34.00397275822929,31.92788063000829,34.445057979017115,33.78777777777778
0,Phoenix,Arizona,45.041343669250644,40.96355085243974,44.181398035817445,47.45261984392419,47.78087927424983,52.79251074278699,54.17608173076923,51.21640488656195,51.74095878889823,54.247174447174444,50.51092763477416,45.949927780452576,48.017301038062286,48.33564356435644,44.67143643368189,43.87202216066482,48.363936228697085,47.25877192982456,48.30088495575221,44.60635964912281,47.93417443773999,50.18206820682068,51.53061224489796,49.06515737161789,48.649286498353455,46.67325645249863,46.46132596685083,51.77319034852547,49.380641653072324,46.97650273224044,45.348214285714285
0,Philadelphia,Pennsylvania,41.52540272614622,53.844672657252886,39.06607369758577,48.775261324041814,44.14065180102916,43.115485564304464,40.41687979539642,34.80727554179567,37.41258741258741,31.409128630705393,31.8601108033241,35.68557422969187,39.729916897506925,32.08345221112696,31.901083032490973,36.036949685534594,36.18032786885246,37.24786324786325,34.23013698630137,31.32339791356185,39.28532235939643,37.16760299625468,36.72237697307335,32.36752136752137,33.63480885311871,34.919741697416974,37.03348416289593,36.112101910828024,34.692692692692695,36.034213098729225,34.003690036900366
0,San Antonio,Texas,36.57663125948407,36.3821752265861,33.03813559322034,31.645803698435277,38.68302945301543,49.02857142857143,34.869565217391305,36.82327586206897,43.998951781970646,45.93908153701968,38.41804788213628,38.92943361188487,46.13754646840149,43.76651162790698,40.95216191352346,44.71783088235294,45.48994515539305,35.75966850828729,39.715268225584595,37.66758811333794,36.93556085918854,42.56663560111836,41.3759328358209,41.54478301015697,38.338235294117645,37.800184162062614,35.80956761729531,37.66919431279621,36.176632934682615,37.24102079395085,38.896030245746694
0,San Diego,California,54.95602836879433,56.39066788655078,46.473443223443226,43.48018433179723,39.960514233241504,42.93847566574839,40.26741996233522,40.07945205479452,37.075,35.61471103327496,31.98739495798319,36.0705574912892,37.9697247706422,37.404587155963306,38.24405850091408,35.242224316682375,37.87031963470319,37.075348837209305,39.34774609015639,36.57943067033976,36.29652996845426,37.707903780068726,35.17,33.95325389550871,37.7502569373073,38.520718232044196,38.83004552352048,43.97790055248619,41.37741046831956,39.23872180451128,39.014084507042256
0,Dallas,Texas,38.46068455134135,35.95668549905838,35.950184501845015,33.63720930232558,38.0211161387632,48.61436464088398,42.38680109990834,41.70238095238095,48.368667917448406,49.8901623686724,44.731192660550455,41.122242647058826,41.50839552238806,45.15533088235294,40.94031221303948,50.84392523364486,47.29814814814815,37.41760299625468,38.45029239766082,38.01762977473066,38.87662337662338,44.794683776351974,43.65373961218837,40.62062615101289,36.26588465298143,37.26229508196721,36.04633920296571,37.26810912511759,38.424770642201835,38.180880974695405,37.626943005181346
0,San Jose,California,29.796680497925312,24.647945205479452,26.610917537746808,28.930905695611578,23.772685609532537,28.288299155609167,27.752732240437158,24.975748930099858,28.781094527363184,27.570723684210527,23.557377049180328,26.056198347107436,25.030444964871194,29.763934426229508,30.692307692307693,30.231147540983606,31.190058479532162,29.104109589041094,31.05191256830601,26.1671388101983,29.457534246575342,29.06027397260274,30.010928961748633,29.923287671232877,30.454794520547946,31.96164383561644,31.293956043956044,33.53846153846154,30.816438356164383,32.696969696969695,32.81818181818182
0,Austin,Texas,40.416438356164385,41.73876404494382,42.108882521489974,38.20845921450151,41.76438356164383,50.871866295264624,36.73184357541899,35.269972451790636,38.87215909090909,43.38356164383562,42.795013850415515,37.28212290502793,40.41095890410959,42.66027397260274,38.51780821917808,43.578947368421055,46.09315068493151,38.55494505494506,41.434065934065934,39.62191780821918,38.743801652892564,44.53448275862069,40.3,38.467032967032964,35.64542936288089,39.63661202185792,37.30684931506849,37.583561643835615,34.73076923076923,36.039106145251395,28.125
0,Jacksonville,Florida,46.19005847953216,37.045643153526974,38.11554921540656,41.47579529737206,35.44704264099037,38.45203488372093,39.56077348066298,41.88121546961326,47.74826147426982,45.51205936920223,42.0048231511254,38.22707423580786,35.337152209492636,36.82008368200837,40.88857142857143,41.21279554937413,44.837950138504155,42.44382801664355,38.646408839779006,35.59151515151515,38.674721189591075,38.66849816849817,33.158570119156735,32.3069590085796,36.217061611374405,34.21186440677966,35.752408477842,34.708138447146865,33.31370745170193,35.82053654024052,36.16483516483517
0,Fort Worth,Texas,46.608089260808924,50.38505747126437,41.981944444444444,40.50948905109489,51.74715909090909,56.089466089466086,50.219858156028366,46.57082152974504,48.82967032967033,50.56181318681319,47.27160493827161,50.737637362637365,48.0972602739726,50.42600276625173,44.96296296296296,53.6,52.38767123287671,41.14520547945205,42.65253077975376,43.16965517241379,40.841160220994475,48.53591160220994,42.78382147838215,43.836363636363636,39.39202200825309,39.91574585635359,36.96174863387978,40.19834710743802,37.036986301369865,37.60296296296296,38.01288659793814
0,Columbus,Ohio,47.75058275058275,54.96969696969697,40.85245901639344,49.49164677804296,53.955710955710956,52.26004728132388,55.613053613053616,47.58139534883721,62.306976744186045,59.71561771561772,45.51263537906137,52.693396226415096,62.892857142857146,47.27596899224806,45.24689440993789,53.85491419656786,47.921996879875195,53.5984496124031,46.72140221402214,40.97202797202797,46.93706293706294,42.79302325581396,53.86946386946387,41.21395348837209,41.39302325581395,39.318604651162794,43.241217798594846,39.08943089430894,38.9349593495935,39.32520325203252,39.586046511627906
0,Charlotte,North Carolina,67.58571428571429,60.39007092198582,56.53504672897196,66.42280285035629,51.07226107226107,60.14418604651163,64.71596244131456,65.52093023255814,79.02534562211981,70.84186046511628,62.82051282051282,60.96867469879518,63.61124121779859,49.472093023255816,51.40930232558139,58.81395348837209,53.509164969450104,56.52686308492201,47.75215146299484,39.28993055555556,48.141623488773746,49.19097222222222,44.40138408304498,36.539655172413795,38.589965397923876,40.38630136986301,44.30689655172414,40.93617021276596,41.58597662771285,44.33224222585925,36.345454545454544
0,San Francisco,California,17.168044077134986,17.69889502762431,18.735376044568245,18.356164383561644,18.324929971988794,23.983561643835618,23.947945205479453,22.054794520547944,22.90958904109589,23.83013698630137,21.041208791208792,23.34806629834254,24.371900826446282,24.532967032967033,24.78268551236749,25.264150943396228,25.554945054945055,24.75206611570248,26.37431693989071,24.556164383561644,26.106849315068494,25.616438356164384,26.641873278236915,24.28767123287671,25.887671232876713,26.541208791208792,26.35890410958904,26.582417582417584,27.046703296703296,29.61049723756906,28.85514018691589
0,Indianapolis,Indiana,52.009389671361504,62.56111111111111,49.81967213114754,49.90163934426229,71.48913043478261,63.55191256830601,64.95580110497238,58.733695652173914,72.79891304347827,67.91847826086956,49.38586956521739,57.67934782608695,64.28260869565217,50.93478260869565,43.71195652173913,56.891304347826086,49.824175824175825,62.22282608695652,,,,,,,,,,,,,
0,Seattle,Washington,,,,,,,,23.43720930232558,21.26511627906977,22.032467532467532,24.37162162162162,24.105263157894736,25.75,28.50980392156863,26.313725490196077,23.28301886792453,17.4,23.034782608695654,23.208219178082192,23.226256983240223,23.132231404958677,23.48901098901099,24.64109589041096,22.31388888888889,24.71794871794872,25.39274924471299,25.664756446991404,25.81714285714286,25.769886363636363,25.277008310249307,29.098360655737704
0,Denver,Colorado,28.90366972477064,29.447552447552447,29.4993006993007,26.62030598052851,27.166208791208792,26.792011019283745,28.473906911142453,29.792537313432835,36.271232876712325,33.53481894150418,33.81948424068768,32.73109243697479,37.430939226519335,39.4986301369863,34.26409495548961,33.50919117647059,34.628610729023386,34.1767955801105,40.1421875,34.74206896551724,37.48179271708683,41.79100145137881,43.86532343584305,35.51737451737452,35.43131868131868,37.29573590096286,38.4792243767313,39.01923076923077,40.98885793871866,38.33941093969145,45.11581291759465
0,Washington,District Of Columbia,31.38658146964856,35.15767634854772,28.950344827586207,37.04246284501062,36.9573268921095,38.12560054907344,34.17932654659358,41.15673693858845,44.56581352833638,44.45829514207149,32.92955169258921,38.09266055045872,44.10531135531136,33.670046082949305,32.86326344576117,37.2451967063129,41.78447488584475,43.20940959409594,38.600182149362475,34.23844731977819,44.627180899908176,40.11961057023644,41.06858710562414,34.282722513089006,35.44567901234568,36.778082191780825,35.351351351351354,33.14351425942962,31.57182576459685,36.9485766758494,34.182156133829
0,Boston,Massachusetts,,,,,,,,,,34.28436911487759,29.408839779005525,36.13568773234201,37.275735294117645,34.325367647058826,32.42884990253411,34.75596330275229,32.243589743589745,28.6270783847981,32.94899817850637,31.795992714025502,33.76541095890411,31.71477079796265,32.29706390328152,32.223357664233575,30.56177924217463,28.416413373860184,29.173553719008265,31.723287671232878,31.669421487603305,31.325,33.01428571428571
0,El Paso,Texas,37.87984496124031,35.32768361581921,35.57747489239598,32.22419928825623,37.38,40.85309090909091,38.34208552138035,37.63945086705202,41.417519181585675,36.869846878680804,44.658940397350996,42.78003696857671,45.373681797340666,42.501839926402944,40.74885635864593,43.1963133640553,45.16852367688022,43.75666822648573,41.18527095877721,38.97316057380842,39.317084493964714,42.62423673085956,41.615758229897466,39.39032258064516,38.84016582220175,40.53168044077135,40.181438515081204,41.4375,43.70982552800734,43.4002808988764,43.69795539033457
0,Nashville,Tennessee,33.665734265734265,27.342935528120712,24.743169398907103,28.4010989010989,36.942068965517244,43.693370165745854,39.61369863013699,43.649171270718234,40.986091794158554,48.1986301369863,39.444596443228455,37.45753424657534,35.23013698630137,34.89820359281437,38.798780487804876,46.111111111111114,44.925925925925924,52.079268292682926,42.03455284552845,34.229674796747965,42.66462167689161,42.047422680412375,49.579196217494086,36.763888888888886,41.577235772357724,38.540485829959515,42.199600798403196,39.548,40.61297071129707,40.958333333333336,37.390243902439025
0,Detroit,Michigan,43.67160493827161,52.11244019138756,40.07142857142857,38.83732057416268,48.82142857142857,39.47536231884058,45.184065934065934,39.531722054380666,55.5013698630137,55.332394366197185,41.99445983379501,53.78021978021978,50.97554347826087,48.40166204986149,35.270718232044196,43.0,36.65459610027855,45.01498127340824,47.47513812154696,42.69230769230769,51.72254335260116,51.060109289617486,57.375,44.505494505494504,46.15384615384615,47.51912568306011,37.32516703786192,35.11239669421487,38.4527027027027,41.56910569105691,40.77777777777778
0,Oklahoma City,Oklahoma,42.33565459610028,41.93259972489684,38.7140902872777,39.407303370786515,47.787023977433,47.59832635983263,44.254120879120876,43.76301369863014,52.27012278308322,43.7950937950938,43.2283356258597,48.06749311294766,42.82806052269601,45.38865836791148,39.743169398907106,45.5467032967033,51.06896551724138,40.43972602739726,41.599726775956285,42.00138312586446,42.01508916323731,52.93287671232877,49.15890410958904,41.86714285714286,40.36298421807747,39.99023709902371,39.41994382022472,40.89265536723164,40.65966386554622,40.8728813559322,42.58801498127341
0,Portland,Oregon,,,,,,,,,,,,,,34.45783132530121,29.875816993464053,26.22875816993464,33.76623376623377,25.44672131147541,25.96164383561644,27.375342465753423,25.983516483516482,25.143250688705233,28.350684931506848,24.665745856353592,27.82191780821918,27.86849315068493,27.77715877437326,30.67601246105919,30.361477572559366,26.038277511961724,28.78743961352657
0,Las Vegas,Nevada,34.32963988919668,34.48219178082192,35.15300546448088,32.964383561643835,38.6546052631579,31.90684931506849,37.83835616438356,34.015151515151516,45.76987447698745,47.07292817679558,46.451741293532336,49.47067238912732,49.77396121883657,49.78677685950413,47.43163097199341,50.32258064516129,53.26550598476605,49.705980066445186,48.536558548653105,46.68687982359427,47.62092494313874,50.53656307129799,54.61021505376344,49.6868778280543,49.54132231404959,44.10037523452158,48.229596412556056,50.306976744186045,49.411545623836126,45.18686401480111,50.83780487804878
0,Memphis,Tennessee,56.18396226415094,46.509433962264154,49.29302325581396,49.63720930232558,56.609302325581396,61.013953488372096,58.13488372093023,57.055813953488375,66.96261682242991,66.00408163265305,60.138775510204084,54.50813008130081,51.89430894308943,50.19246861924686,43.34552845528455,54.91056910569106,49.65107913669065,55.045081967213115,48.55327868852459,38.38211382113821,50.853658536585364,48.532228360957646,48.689542483660134,38.5944170771757,37.81803278688525,38.02302631578947,40.48675496688742,39.4991652754591,39.235,40.073455759599334,36.161184210526315
0,Louisville,Kentucky,29.25403817914831,33.29365079365079,31.30081300813008,43.8688,60.003076923076925,57.2453125,53.15245901639344,56.445151033386324,65.27244582043343,66.71138845553823,50.68812589413448,50.68076398362892,51.900273224043715,42.700542005420054,41.92213114754098,49.68428184281843,42.71643835616438,56.61171662125341,46.42032967032967,39.85461956521739,49.84153661464586,45.19953325554259,47.97517730496454,37.44108761329305,40.74845869297164,40.50185873605948,42.67433414043583,39.27080890973036,38.517587939698494,39.58784893267652,30.365853658536587
0,Baltimore,Maryland,45.578732106339466,51.292682926829265,41.10138248847926,51.31627906976744,46.44600938967136,64.50986842105263,53.99029126213592,58.3359375,50.61860465116279,49.15714285714286,,69.46296296296296,38.56981132075472,25.693548387096776,,,32.263888888888886,42.82775119617225,33.85581395348837,38.19,43.00515463917526,44.16019417475728,43.36057692307692,39.2020202020202,38.716981132075475,48.505376344086024,47.65137614678899,40.90204081632653,46.24066390041494,44.75308641975309,38.59375
0,Milwaukee,Wisconsin,44.060449050086355,50.84102564102564,39.748263888888886,40.08076923076923,41.03938356164384,49.67272727272727,42.21699819168174,40.547486033519554,42.9577205882353,46.986587183308494,39.4474761255116,45.79558011049724,46.42315789473684,41.71814092953523,33.11837655016911,43.596739130434784,35.06005586592179,37.20592193808883,34.989159891598916,33.5402144772118,36.55844155844156,35.83754512635379,42.85379061371841,34.8794964028777,33.61552346570397,35.368231046931406,35.72401433691756,35.93677204658902,37.07590759075907,33.4859649122807,36.89010989010989
0,Albuquerque,New Mexico,40.16433239962652,36.98526703499079,37.86355311355312,34.746777163904234,37.60740740740741,35.92417860151643,43.12258953168044,41.0167638483965,43.732255797610684,45.282624369142034,45.44112769485904,46.33299899699097,46.33271461716937,52.2479886417416,45.16605166051661,45.45500459136823,45.52879581151832,46.652317880794705,45.00249376558604,43.0461114934618,44.70931849791377,49.58350515463918,49.84884534639608,45.246808510638296,41.60839760068552,42.29304029304029,44.598079561042525,47.26611796982167,51.84159779614325,47.74828060522696,44.533149171270715
0,Tucson,Arizona,43.34876905041032,42.45080091533181,40.195518207282916,41.52684006640841,42.60154100165107,42.22770083102493,44.04633982538616,40.82538399353274,43.21224773834377,43.849897189856065,44.244614315496875,41.895460797799174,42.583961617546265,43.32258064516129,39.79071038251366,41.25454545454546,43.25535420098847,44.000550964187326,43.733186328555675,41.878787878787875,43.904532967032964,44.97379310344827,43.39835728952772,42.83618917066484,40.327397260273976,40.70763888888889,40.99453178400547,44.47459986082116,44.97856154910097,42.96585365853659,46.691042047531994
0,Fresno,California,68.71803852889667,75.5130890052356,68.21368715083798,65.8686030428769,66.2951724137931,68.13698630136986,65.40082079343365,57.634246575342466,67.08493150684932,70.18055555555556,74.5777166437414,81.88630136986302,81.19807427785419,67.77342419080068,59.58606557377049,56.583561643835615,62.027624309392266,54.25479452054795,64.14479025710419,57.08864265927978,57.67690058479532,57.30651872399445,55.98416886543536,55.54419889502763,58.925141242937855,54.622770919067214,56.08916323731138,59.45467224546722,53.787379972565155,46.36652835408022,43.724845995893226
0,Mesa,Arizona,32.55591054313099,35.17167381974249,48.85989010989011,54.65745856353591,58.58108108108108,60.61318051575931,57.6036036036036,49.4056338028169,51.76592797783933,57.31674208144796,50.09330985915493,49.94107452339688,52.84795321637427,63.2112676056338,52.51173708920188,55.71349862258953,53.22093023255814,54.801886792452834,65.60328638497653,51.56876456876457,48.39511201629328,49.73170731707317,48.22152886115445,53.55602988260406,52.79978700745474,51.91253951527924,49.392660550458714,53.02417188898836,52.08491418247516,50.768115942028984,55.887814313346226
0,Sacramento,California,45.17032392894462,49.033507853403144,44.386444708680145,39.24736337488015,38.485572139303486,42.3125,42.98082191780822,38.26737160120846,41.69135802469136,38.62739726027397,34.67078189300412,37.34492350486787,37.61702127659574,34.991279069767444,31.25686813186813,34.42901716068643,37.81054131054131,36.82507288629738,42.81377151799687,38.28983516483517,33.87950138504155,36.69421487603306,39.676712328767124,35.359722222222224,37.60140845070423,37.43767313019391,37.54545454545455,35.101960784313725,35.61369863013699,35.465753424657535,34.3849765258216
0,Atlanta,Georgia,53.69741697416974,33.751381215469614,47.01459854014598,66.41025641025641,52.859778597785976,62.850746268656714,64.89024390243902,71.34883720930233,89.4,94.26794258373205,70.0040650406504,55.27235772357724,57.7479674796748,53.67886178861789,53.76829268292683,58.15447154471545,60.926829268292686,62.53389830508475,53.896694214876035,44.59756097560975,53.90243902439025,57.08536585365854,51.27235772357724,41.11788617886179,43.386178861788615,46.2520325203252,48.24691358024691,45.0875,44.82857142857143,49.66260162601626,37.46511627906977
0,Kansas City,Missouri,32.14889123548046,36.99908003679853,36.191090269636575,38.9088471849866,44.34108527131783,52.59627329192546,45.246511627906976,44.478753541076486,45.332911392405066,49.94050991501416,53.556306306306304,52.950934579439256,55.55348837209302,56.75,44.41627906976744,60.06511627906977,59.31627906976744,56.63720930232558,45.29767441860465,44.32394366197183,50.09313725490196,50.1219512195122,60.40930232558139,46.50232558139535,42.46046511627907,44.269767441860466,43.15929203539823,45.08961303462322,45.57377049180328,42.546938775510206,42.38562091503268
0,Colorado Springs,Colorado,34.43201133144476,36.76645768025078,33.65677966101695,32.300554016620495,32.972527472527474,31.787794729542302,30.32068311195446,31.44607843137255,,,,,,,,,,,,,,,,,,,,,,,
0,Omaha,Nebraska,30.667386609071276,31.8272921108742,28.133250311332503,26.649149922720248,30.807266982622433,30.401666666666667,30.64573268921095,31.01765650080257,30.186186186186188,35.83691756272401,37.38752052545156,33.76845637583892,36.790880503144656,35.937106918238996,39.70219435736677,42.515723270440255,38.18449612403101,35.44341085271318,32.35358255451713,30.58139534883721,33.135725429017164,34.4040404040404,40.648293963254595,36.08849557522124,35.99622641509434,36.20603674540683,35.51150895140665,35.08056872037915,35.62560975609756,33.436974789915965,32.91538461538462
0,Raleigh,North Carolina,73.97209302325581,56.8406374501992,55.390697674418604,70.35680751173709,55.094395280235986,60.99067599067599,51.37866666666667,70.80465116279069,77.01886792452831,73.51682692307692,54.76734693877551,52.833333333333336,59.1,46.233265720081135,43.108695652173914,44.94269340974212,44.50997150997151,49.527472527472526,42.434065934065934,35.93150684931507,41.48076923076923,41.271232876712325,36.03089887640449,32.64462809917355,36.41208791208791,36.86944444444445,39.58611111111111,38.002793296089386,37.07843137254902,39.730027548209364,35.05925925925926
0,Miami,Florida,35.13461538461539,32.306406685236766,36.87074829931973,33.874301675977655,36.145604395604394,37.661064425770306,36.26610644257703,35.559888579387184,38.67134831460674,39.488571428571426,36.34444444444444,34.34202898550725,34.03142857142857,33.774647887323944,34.118840579710145,38.44347826086957,41.03030303030303,38.878787878787875,34.77929155313352,34.5521978021978,36.38591549295775,35.26857142857143,34.57703081232493,33.24645892351275,33.95264623955432,31.202739726027396,35.04545454545455,34.38920454545455,34.51704545454545,30.822289156626507,33.86390532544379
0,Long Beach,California,22.818181818181817,27.255494505494507,36.19125683060109,32.3646408839779,29.86813186813187,32.870165745856355,30.236641221374047,28.876712328767123,27.508333333333333,29.312328767123287,29.12568306010929,30.07945205479452,30.254794520547946,31.13972602739726,32.18306010928962,28.71780821917808,28.178571428571427,29.024657534246575,32.8551912568306,29.70958904109589,30.724657534246575,32.19013062409289,31.13840830449827,33.21052631578947,29.888252148997136,30.91988950276243,30.863013698630137,32.925414364640886,30.950413223140497,32.44897959183673,
0,Oakland,California,15.605839416058394,16.68595041322314,16.44808743169399,16.73901098901099,15.18131868131868,17.295890410958904,18.947658402203857,17.50958904109589,18.455172413793104,18.258953168044076,15.852459016393443,16.886243386243386,23.473333333333333,22.699724517906336,19.738775510204082,18.755102040816325,,18.370967741935484,26.60928961748634,24.884931506849316,24.955263157894738,23.654794520547945,23.778393351800553,23.48830811554333,25.93972602739726,26.08641975308642,25.500697350069736,27.129032258064516,25.780082987551868,27.052269601100413,26.14485981308411
0,Minneapolis,Minnesota,,,,,,,,,,,,,,,,,,,,,,,,26.702312138728324,27.495238095238093,29.930131004366814,26.23913043478261,28.145214521452147,28.82442748091603,31.004651162790697,23.591304347826085
0,Tulsa,Oklahoma,46.92757660167131,43.06849315068493,37.231404958677686,36.95013850415513,41.14010989010989,48.06534090909091,47.575851393188856,41.33913043478261,47.52459016393443,44.676712328767124,41.544642857142854,47.87079646017699,41.770514603616135,43.43472222222222,37.73167358229599,44.84869325997249,48.02475928473177,39.952314165497896,36.86505681818182,39.773480662983424,39.98896551724138,49.49171270718232,47.632088520055326,39.61643835616438,37.46079779917469,37.973270440251575,37.7534435261708,37.83240997229917,38.67732558139535,37.1029207232267,36.998027613412226
0,Tampa,Florida,41.29986244841815,36.784827586206895,39.015047879616965,38.49377593360996,33.651933701657455,41.61369863013699,41.51639344262295,47.515068493150686,47.95167785234899,45.913698630136984,47.30068965517241,41.74180327868852,37.13850415512465,36.38154269972452,40.126227208976154,42.18482758620689,43.90684931506849,41.657534246575345,38.37432432432433,36.060356652949245,39.87845303867403,39.39010989010989,36.62380300957592,35.80668604651163,36.364275668073134,37.289398280802295,39.84931506849315,36.29984779299848,34.943820224719104,35.85735080058224,37.080555555555556
0,Arlington,Texas,,,,,,,,,58.04113924050633,50.04120879120879,40.931693989071036,39.76315789473684,44.226470588235294,44.821917808219176,40.349726775956285,48.62116991643454,46.08611111111111,36.97808219178082,37.49862258953168,43.92520775623269,40.31111111111111,45.15277777777778,44.868852459016395,36.590625,35.05494505494506,34.04109589041096,33.89344262295082,36.38082191780822,36.83287671232877,37.260714285714286,40.80882352941177
0,New Orleans,Louisiana,37.413698630136984,30.063013698630137,31.122222222222224,31.78857142857143,33.641666666666666,36.293150684931504,33.47540983606557,31.265753424657536,33.05177111716621,36.717451523545705,40.40710382513661,31.041208791208792,30.03184713375796,30.90958904109589,31.852054794520548,36.31666666666667,,,38.31195335276968,35.54794520547945,38.09615384615385,38.33424657534247,37.684357541899445,34.347457627118644,35.37260273972603,,,,,,
0,Wichita,Kansas,31.436363636363637,33.675824175824175,31.826923076923077,28.68044077134986,34.96978021978022,30.517808219178082,38.71584699453552,44.37673130193906,46.70670391061452,42.964383561643835,44.37005649717514,51.35223880597015,46.680440771349865,43.08011049723757,36.67307692307692,39.57102272727273,41.56438356164384,28.016438356164382,31.01388888888889,38.742209631728045,42.47671232876712,46.260162601626014,45.58469945355191,38.201101928374655,38.35342465753425,35.912328767123284,35.82336956521739,34.58359621451104,35.51648351648352,35.257617728531855,36.14367816091954
0,Bakersfield,California,63.89531680440771,70.08707865168539,61.21153846153846,68.70738636363636,67.11028037383177,66.40883977900552,72.75455820476859,58.52486187845304,62.070605187319885,67.69093406593407,66.99428571428571,68.88919667590028,63.932038834951456,68.01392757660167,61.07605177993528,59.06438356164384,63.25966850828729,51.346575342465755,57.82797202797203,54.989010989010985,54.255494505494504,55.104109589041094,70.8974358974359,60.922844175491676,59.80494905385735,62.31774415405777,58.9343365253078,63.51239669421488,61.279944289693596,51.02469135802469,42.55078125
0,Cleveland,Ohio,36.72857142857143,41.14691943127962,38.57674418604651,46.34272300469483,43.86046511627907,43.425233644859816,48.971698113207545,36.36915887850467,43.06046511627907,35.71028037383178,35.390697674418604,44.97156398104266,46.38604651162791,36.12149532710281,26.171875,41.883720930232556,37.9811320754717,47.46948356807512,46.2046511627907,33.869300911854104,38.63557858376511,37.345008756567424,41.271944922547334,32.15025906735751,33.32871972318339,34.582322357019066,36.52972027972028,35.82372322899506,35.51575456053068,36.327302631578945,38.9253112033195
0,Anaheim,California,37.917808219178085,43.821917808219176,49.32786885245902,39.256198347107436,40.175342465753424,38.40547945205479,32.002747252747255,25.443835616438356,38.19444444444444,30.40764331210191,38.73972602739726,33.69090909090909,35.657534246575345,40.81095890410959,60.95342465753425,44.56111111111111,40.58904109589041,39.0,41.83879781420765,38.202739726027396,35.52647058823529,37.393351800554015,36.09615384615385,35.65578635014837,39.545994065281896,37.827397260273976,38.9180790960452,40.76712328767123,38.87123287671233,39.64931506849315,38.60989010989011
0,Honolulu,Hawaii,12.245014245014245,19.0,21.987730061349694,28.75,28.661931818181817,23.431535269709542,18.194285714285716,22.91780821917808,24.65753424657534,23.653739612188367,19.131284916201118,21.434173669467786,22.615598885793872,19.426592797783933,20.491573033707866,20.994475138121548,16.441988950276244,15.641873278236915,20.76751592356688,23.33050847457627,23.73972602739726,22.461971830985917,22.419354838709676,23.88888888888889,25.014705882352942,25.334285714285713,26.340425531914892,26.075801749271136,24.527272727272727,25.370786516853933,27.29281767955801
0,Corpus Christi,Texas,36.55915492957747,33.90674318507891,32.13172804532578,35.05,35.99405646359584,45.074333800841515,35.52544704264099,34.22206896551724,36.319340329835086,41.06406685236769,34.62021857923497,36.52990264255911,37.857734806629836,37.868493150684934,35.50686813186813,33.02328767123288,33.81230769230769,32.30758426966292,34.0687237026648,32.69642857142857,35.81450488145049,36.82093663911846,35.11495844875346,32.59751037344398,30.88065843621399,31.479338842975206,31.849447513812155,32.19154929577465,27.932876712328767,30.806770098730606,34.50146627565982
0,Henderson,Nevada,39.73150684931507,40.70798898071625,43.00824175824176,44.74794520547945,58.22314049586777,45.02739726027397,51.494535519125684,46.8,48.86626139817629,47.76712328767123,43.45810055865922,46.413698630136984,48.76986301369863,43.86980609418283,47.4344262295082,46.479564032697546,47.95628415300546,48.04432132963989,,,,,,,,45.193396226415096,43.558904109589044,44.97457627118644,50.88219178082192,47.58839779005525,49.86446886446886
0,Stockton,California,41.157223796033996,46.81818181818182,43.730659025787965,41.839622641509436,41.32409972299169,37.99862258953168,37.77335164835165,35.15775034293553,37.20850480109739,35.85636114911081,35.28335832083958,40.138888888888886,39.957610789980734,33.59452054794521,33.64109589041096,34.25205479452055,39.73698630136986,35.326027397260276,37.734584450402146,33.32044198895028,32.9041095890411,33.01917808219178,37.26923076923077,34.405797101449274,39.88219178082192,36.5467032967033,33.178082191780824,35.27042253521127,35.64835164835165,34.86629526462396,32.68075117370892
0,Cincinnati,Ohio,41.541666666666664,47.18604651162791,37.31627906976744,41.35813953488372,35.191588785046726,47.413953488372094,48.78365384615385,46.334883720930236,54.9953488372093,66.7554347826087,47.63720930232558,53.632558139534886,59.5953488372093,48.646511627906975,44.348837209302324,57.84651162790698,50.38139534883721,62.54883720930233,50.86976744186047,41.6588785046729,45.594202898550726,42.52876712328767,41.95068493150685,35.56438356164384,35.84931506849315,35.52328767123288,38.59289617486339,38.391780821917806,36.35890410958904,38.51657458563536,38.43984962406015
0,St. Louis,Missouri,39.604982206405694,37.6773428232503,35.57906976744186,33.82998819362456,39.70663562281723,43.256274768824305,46.37984496124031,40.42296072507553,41.710777626193725,51.688854489164086,42.5284178187404,44.27401129943503,50.12732919254658,45.862928348909655,36.2046511627907,57.07226107226107,46.10243902439024,52.83568075117371,42.48372093023256,37.83720930232558,36.762081784386616,39.38904109589041,43.6448087431694,35.42739726027397,34.967032967032964,29.380165289256198,34.15090909090909,38.347945205479455,38.16438356164384,35.64730290456431,36.05868544600939
0,Pittsburgh,Pennsylvania,31.666666666666668,58.753488372093024,29.930555555555557,43.72549019607843,53.89767441860465,55.70046082949309,52.45933014354067,50.972477064220186,52.339622641509436,47.36521739130435,39.54905335628227,46.174740484429066,50.28,41.704663212435236,35.636048526863085,40.61896551724138,38.62543554006969,44.58031088082902,39.59478260869565,36.278546712802765,42.35454545454545,37.34294385432474,42.81720430107527,36.45827439886846,32.04383561643836,36.19553072625698,36.96927374301676,37.99162011173184,35.72485207100592,35.38904109589041,38.08058608058608
0,Greensboro,North Carolina,70.26511627906977,55.98067632850242,50.78139534883721,72.8232558139535,63.12558139534884,61.69767441860465,58.613207547169814,60.776744186046514,74.29953917050692,73.10328638497653,60.972093023255816,60.85581395348837,70.11162790697675,52.502347417840376,43.39320388349515,59.39464882943144,63.005780346820806,67.92924528301887,53.02094240837696,44.0,57.58139534883721,55.16744186046512,49.50697674418605,39.4,45.669767441860465,43.03720930232558,46.967441860465115,43.93801652892562,45.14592274678112,46.170124481327804,37.734883720930235
0,Anchorage,Alaska,,,,,,,,,,,,,,,,,,,,,22.94847775175644,23.041353383458645,23.334426229508196,,,,,,,,
0,Orlando,Florida,44.14794520547945,38.47159090909091,41.74590163934426,40.45303867403315,37.6986301369863,43.83013698630137,38.14207650273224,41.38082191780822,48.82702702702703,45.39655172413793,45.822404371584696,38.484931506849314,36.572649572649574,35.26301369863014,40.765957446808514,40.03013698630137,45.3013698630137,41.14794520547945,37.07065217391305,37.58791208791209,39.497252747252745,40.07967032967033,35.74246575342466,34.52209944751381,34.46153846153846,32.58139534883721,35.13387978142077,33.971509971509974,31.894886363636363,32.21511627906977,35.198412698412696
0,Newark,New Jersey,27.42382271468144,32.88154269972452,24.983516483516482,27.74581005586592,30.886111111111113,29.704419889502763,26.545205479452054,30.947802197802197,31.556164383561644,34.811074918566774,,26.959183673469386,33.653179190751445,21.218543046357617,,,,,,27.070093457943926,38.98888888888889,34.289693593314766,35.060109289617486,32.239010989010985,32.1353591160221,32.78474114441417,33.267955801104975,29.997252747252748,32.70718232044199,33.44931506849315,32.08839779005525
0,Durham,North Carolina,,,,64.91758241758242,59.59069767441861,63.52173913043478,57.825471698113205,56.627906976744185,69.55760368663594,57.455399061032864,61.40930232558139,60.31627906976744,68.41395348837209,50.76555023923445,46.55813953488372,54.95169082125604,51.953271028037385,62.685,48.34418604651163,38.04651162790697,49.669767441860465,49.89252336448598,44.944186046511625,37.39906103286385,41.009302325581395,42.29665071770335,37.24264705882353,39.97560975609756,40.21666666666667,41.95102040816327,35.00934579439252
0,Chula Vista,California,48.98626373626374,47.99444444444445,45.71978021978022,43.23351648351648,43.42465753424658,48.57575757575758,43.035616438356165,43.50413223140496,44.02191780821918,40.90395480225989,40.467032967032964,43.47671232876712,42.25205479452055,30.367688022284124,42.37534246575343,44.24517906336088,43.35068493150685,45.38440111420613,44.472527472527474,43.93131868131868,43.24383561643835,35.11708860759494,41.06301369863014,37.00547945205479,34.824657534246576,37.07734806629834,37.01639344262295,37.320547945205476,36.918539325842694,38.74246575342466,36.985915492957744
0,Toledo,Ohio,50.02797202797203,46.6603325415677,38.410377358490564,40.36065573770492,50.701631701631705,48.54883720930233,51.75116279069768,44.769767441860466,44.687645687645684,42.53532608695652,42.246511627906976,50.834883720930236,51.655011655011656,46.2387706855792,40.07209302325582,50.68604651162791,41.66901408450704,44.1,39.6,36.48598130841121,38.972093023255816,36.03317535545024,48.38785046728972,34.86976744186047,39.798816568047336,39.00487804878049,41.274193548387096,37.32520325203252,41.17886178861789,38.25609756097561,40.25581395348837
0,Fort Wayne,Indiana,50.07,60.59239130434783,52.05978260869565,54.21666666666667,71.36094674556213,57.01111111111111,65.96739130434783,55.07344632768361,61.233695652173914,64.96195652173913,46.48913043478261,48.34782608695652,64.60326086956522,55.3646408839779,42.17934782608695,54.06521739130435,45.42622950819672,56.15760869565217,48.275862068965516,41.02173913043478,47.4078947368421,47.02173913043478,53.59239130434783,40.89617486338798,39.98360655737705,38.11173184357542,44.80874316939891,35.312154696132595,34.168539325842694,34.902234636871505,37.53703703703704
0,Laredo,Texas,,,,,,,30.870967741935484,32.19287833827893,35.73669467787115,35.31868131868132,32.35734072022161,31.63013698630137,34.35180055401662,34.34453781512605,30.74590163934426,31.44931506849315,30.033240997229917,29.631123919308358,27.94214876033058,29.195054945054945,29.895316804407713,36.82857142857143,33.410071942446045,31.23013698630137,29.56388888888889,27.568681318681318,26.276712328767122,30.744318181818183,31.45751633986928,32.05965909090909,34.570621468926554
0,Chandler,Arizona,,,,,,,,46.775862068965516,44.27170868347339,47.23762376237624,61.15,61.652582159624416,62.140845070422536,63.518691588785046,52.83255813953488,58.95348837209303,67.53953488372093,58.98139534883721,60.80281690140845,54.50232558139535,51.42391304347826,48.43013698630137,49.119113573407205,47.084931506849315,43.53846153846154,45.1972602739726,45.446575342465756,50.19676549865229,47.155313351498634,47.799457994579946,43.41871921182266
0,Madison,Wisconsin,39.609302325581396,46.11214953271028,43.93969849246231,34.13488372093023,37.604651162790695,46.52972972972973,44.15760869565217,47.5945945945946,53.28108108108108,49.04891304347826,40.37837837837838,48.75675675675676,49.6,51.41621621621621,39.22702702702703,50.181347150259064,35.760456273764255,37.68493150684932,36.14071856287425,35.920138888888886,39.534562211981566,41.32620320855615,50.57920792079208,42.475247524752476,40.59113300492611,40.2020725388601,39.42245989304813,40.03862660944206,39.32793522267207,36.690821256038646,42.924731182795696
0,Scottsdale,Arizona,44.55260663507109,46.776507276507274,50.766031195840554,54.75207296849088,51.95162986330179,58.91224018475751,59.439862542955325,50.9496855345912,59.604026845637584,56.386752136752136,55.71682626538988,50.90972222222222,50.75766016713092,52.49719887955182,44.91456582633053,53.749213836477985,52.690018598884066,50.2486551105798,52.54104254044338,48.381437125748505,50.01179391682185,52.499693063228975,54.79184247538678,51.590065828845006,50.03918022905365,49.088995790739624,47.71859572133845,52.03470715835141,50.86220043572985,48.11899563318777,55.3447782546495
0,Reno,Nevada,32.787234042553195,39.928333333333335,37.49656121045392,34.578512396694215,37.678082191780824,36.40958904109589,42.446749654218536,37.25068493150685,41.04526748971193,41.93698630136986,37.92486338797814,40.84573002754821,42.24376731301939,41.31872146118722,39.87511394712853,38.85123966942149,42.64990859232176,40.546118721461184,40.42844202898551,38.94500458295142,43.15004574565416,39.1716894977169,45.06118546845124,40.035681610247025,43.61177552897884,43.055045871559635,42.91916439600363,41.7141544117647,43.68036529680365,39.424467099165895,43.13661202185792
0,Glendale,Arizona,43.1301775147929,42.85100286532951,55.55191256830601,35.48554913294798,41.57182320441989,44.06666666666667,37.85919540229885,40.97014925373134,31.903581267217632,53.207357859531776,54.990697674418605,55.16744186046512,56.29767441860465,56.12093023255814,51.46046511627907,57.61395348837209,60.55609756097561,53.87906976744186,57.58139534883721,51.986046511627904,50.3731884057971,47.98082191780822,49.26775956284153,47.608333333333334,46.002747252747255,42.823691460055095,44.04109589041096,44.56284153005465,45.639566395663955,41.394366197183096,44.610328638497656
0,North Las Vegas,Nevada,,,53.256830601092894,43.81369863013698,44.01315789473684,41.868493150684934,47.95355191256831,42.42739726027397,46.458333333333336,47.99039780521262,42.85634588563459,43.92463768115942,46.57043235704324,46.895172413793105,45.295890410958904,47.221614227086185,48.03967168262654,46.58161865569273,41.864197530864196,43.12395543175487,44.709208400646204,45.84297520661157,49.994594594594595,45.4027397260274,44.92797783933518,45.19384615384615,46.123893805309734,45.08426966292135,,,
0,Fremont,California,28.063013698630137,29.376373626373628,28.75409836065574,32.54696132596685,29.361643835616437,30.179063360881543,28.2103825136612,26.487603305785125,27.723287671232878,27.493150684931507,25.96448087431694,29.01095890410959,29.557471264367816,31.197260273972603,28.925,28.07123287671233,31.112328767123287,28.983561643835618,30.396174863387976,28.994475138121548,28.611842105263158,,,,,,,,,,
0,Spokane,Washington,,,,,,,,,,,,,,,,,,,,,35.493506493506494,37.94117647058823,41.854304635761586,38.651315789473685,40.016260162601625,43.328125,,,,,
0,Baton Rouge,Louisiana,45.451388888888886,40.129120879120876,37.19386331938633,39.35950413223141,38.50828729281768,45.45867768595041,37.78875171467764,41.072702331961594,43.425383542538356,47.06172839506173,49.297814207650276,40.04576976421637,36.69178082191781,39.65564738292011,40.186206896551724,45.397524071526824,43.04532967032967,41.105479452054794,36.66478873239436,36.4551724137931,40.93698630136986,41.4010989010989,39.40221914008322,34.69876203576341,37.078947368421055,37.2192429022082,34.59444444444444,33.9986301369863,32.86932599724897,33.65379113018598,33.46395563770795
0,San Bernardino,California,92.09041095890412,90.81643835616438,95.74590163934427,89.5068493150685,97.06849315068493,83.22191780821917,85.41803278688525,75.34246575342466,63.69444444444444,60.02506963788301,56.612021857923494,64.57534246575342,57.4,62.459610027855156,61.52459016393443,60.5972602739726,61.227146814404435,60.350828729281766,66.75956284153006,64.35911602209944,57.33608815426997,59.349162011173185,62.73224043715847,58.578947368421055,64.76712328767124,67.05915492957746,74.30054644808743,79.86027397260274,73.38121546961327,72.45197740112994,66.99450549450549
0,Modesto,California,42.3801652892562,42.673972602739724,38.578947368421055,42.02479338842975,43.69060773480663,42.64383561643836,47.45628415300546,39.93972602739726,44.29131652661064,42.38082191780822,41.44931506849315,41.1972602739726,42.23809523809524,42.11232876712329,39.23770491803279,43.358126721763085,45.548209366391184,38.69041095890411,47.08130081300813,40.60674157303371,36.47945205479452,36.654390934844194,42.62222222222222,41.97520661157025,48.71780821917808,46.270194986072426,44.68421052631579,47.912328767123284,44.16438356164384,41.695774647887326,40.83568075117371
0,Fontana,California,90.02209944751381,85.52328767123288,96.06575342465753,84.05479452054794,88.13424657534246,74.5564738292011,67.34615384615384,58.95342465753425,58.73150684931507,46.66849315068493,48.169398907103826,52.4027397260274,51.243975903614455,63.28125,58.10928961748634,57.06197183098592,58.26038781163435,58.40502793296089,65.75757575757575,60.64010989010989,53.01675977653631,58.55807365439094,67.5,63.61602209944751,61.650455927051674,61.05042016806723,58.99173553719008,56.40331491712707,64.28767123287672,62.59615384615385,55.77472527472528
0,Des Moines,Iowa,12.94927536231884,13.41692789968652,25.60747663551402,18.712280701754388,24.76098901098901,26.839181286549707,26.046831955922865,34.04899135446686,26.869127516778523,34.36279069767442,33.06467661691542,34.59390862944162,33.009302325581395,28.312796208530806,33.91588785046729,43.35377358490566,38.82629107981221,39.97989949748744,34.36619718309859,32.69767441860465,34.45070422535211,36.52558139534884,43.53488372093023,37.64883720930233,35.318604651162794,37.06046511627907,36.467441860465115,33.520604395604394,33.061281337047355,31.968055555555555,34.16700610997963
0,Santa Clarita,California,81.19505494505495,83.77134986225896,86.43250688705234,73.22191780821917,83.60164835164835,67.13698630136986,63.57103825136612,62.934065934065934,56.27272727272727,51.558904109589044,53.5595567867036,56.45738636363637,75.82692307692308,76.77808219178083,73.39775910364146,68.18956043956044,68.9060773480663,59.83471074380165,67.8434065934066,64.81994459833795,56.70245398773006,60.23867069486405,67.51366120218579,64.40273972602739,65.91922005571031,62.498591549295774,61.6448087431694,67.15342465753425,60.71232876712329,62.50696378830084,55.357142857142854
0,Fayetteville,North Carolina,,,,,,,,,,,,,,,,,,,,,,,,,,42.49132947976879,40.972093023255816,41.97285067873303,41.784140969163,42.31967213114754,35.742990654205606
0,Birmingham,Alabama,,,,,,,,,,,45.75165562913907,36.817927170868344,40.153094462540714,32.02191780821918,31.84153005464481,40.17906336088154,43.64383561643836,44.479564032697546,38.45303867403315,31.41225626740947,39.81643835616438,40.505494505494504,40.23876404494382,30.87878787878788,34.97191011235955,36.14049586776859,40.46835443037975,34.60294117647059,38.09798270893372,38.729559748427675,37.60775862068966
0,Rochester,New York,35.38186813186813,38.97229916897507,28.92507204610951,32.95879120879121,35.52876712328767,34.11780821917808,32.273972602739725,34.06849315068493,34.673972602739724,37.701107011070114,31.824512534818943,36.59615384615385,40.751381215469614,35.02216066481994,27.45689655172414,34.67590027700831,32.06575342465754,35.96132596685083,35.10233918128655,31.37912087912088,35.63333333333333,33.389240506329116,37.16164383561644,34.00550964187328,32.08815426997245,32.684357541899445,34.95068493150685,35.823699421965316,33.76338028169014,33.28291316526611,35.315018315018314
0,Grand Rapids,Michigan,48.74883720930232,50.15348837209302,40.64673913043478,42.27777777777778,50.46195652173913,51.05978260869565,48.022222222222226,42.767955801104975,47.44021739130435,53.92934782608695,37.125,47.01086956521739,49.85164835164835,44.54891304347826,39.22826086956522,51.45652173913044,43.85326086956522,49.20108695652174,42.45652173913044,33.003649635036496,35.73972602739726,34.27945205479452,39.10655737704918,37.23626373626374,34.20612813370474,35.81643835616438,36.92837465564738,34.868493150684934,34.19178082191781,32.890756302521005,41.056179775280896
0,Huntsville,Alabama,46.28947368421053,54.94525547445255,49.82899628252788,59.79636363636364,47.693069306930695,51.33387358184765,53.63382594417077,44.39502762430939,50.512328767123286,55.84340659340659,50.527624309392266,45.509641873278234,42.04945054945055,43.684065934065934,41.78787878787879,45.28021978021978,47.10985915492958,50.42817679558011,43.97527472527472,40.560402684563755,49.673469387755105,48.14207650273224,48.86585365853659,41.33401221995927,40.646341463414636,38.6319018404908,42.9390243902439,39.49593495934959,40.90295358649789,42.15271966527197,37.35918367346939
0,Salt Lake City,Utah,34.372492836676216,39.372727272727275,39.555133079847906,49.58441558441559,54.49342105263158,,,50.68627450980392,61.246753246753244,58.57333333333333,58.21153846153846,57.78947368421053,64.77272727272727,68.95031055900621,52.51298701298701,58.02614379084967,45.33604336043361,43.498371335504885,38.39782016348774,40.45730027548209,37.20388349514563,41.3,46.35989010989011,42.89910979228487,39.586301369863016,44.106849315068494,40.05604719764012,49.92182410423453,47.495601173020525,40.455882352941174,44.2059186189889
0,Frisco,Texas,,,54.161572052401745,46.228070175438596,55.56231003039514,58.55952380952381,49.85595567867036,55.10164835164835,59.64754098360656,53.28767123287671,56.03005464480874,52.41597796143251,46.6875,47.37845303867403,44.28453038674033,53.67123287671233,53.78729281767956,45.367123287671234,45.58196721311475,43.83425414364641,42.175342465753424,51.39502762430939,50.610027855153206,44.798898071625345,40.464285714285715,41.259562841530055,39.23224043715847,41.28493150684932,41.56043956043956,41.40821917808219,39.737089201877936
0,"Boston-Cambridge-Newton, MA-NH",Massachusetts,35.416769420468555,42.20835894283958,38.97785977859779,38.514117647058825,39.726611226611226,37.600203977562465,36.64380858411445,38.650194336479736,41.39680905815749,41.07872340425532,34.775848460931336,41.877811094452774,47.13230769230769,39.867079889807165,37.99221284879948,41.60197710718002,38.78063540090771,41.57883369330454,39.109923664122135,35.14879074658254,38.384313725490195,36.265625,37.5200205338809,35.56308610400682,33.70404411764706,33.921850079744814,34.54449235593885,35.11774065234686,33.137505321413364,33.32063492063492,34.15090673575129
0,"Seattle-Tacoma-Bellevue, WA",Washington,35.314487632508836,36.36953955135773,36.9472,28.27668659265585,33.05518394648829,31.137873754152825,33.795260039499674,29.43485086342229,31.890765171503958,32.87026066350711,31.589972144846797,32.12148962148962,33.005050505050505,38.40921409214092,32.5886379192334,29.982520029133283,35.88839941262849,29.916299559471366,28.728036175710596,31.9404052443385,28.472287735849058,29.395502645502646,30.84236111111111,29.274441340782122,32.35840707964602,34.898395721925134,31.261739130434783,36.5846286701209,34.774758983347944,30.706911636045493,31.97772277227723
0,"Oxnard-Thousand Oaks-Ventura, CA",California,60.169544740973315,62.26597643698679,57.39077037588388,51.958465189873415,59.15139442231076,58.55735120220733,59.859211584875304,56.10849056603774,51.399842581660764,49.8258981444927,47.60191082802548,51.32977461447212,50.7845281490482,54.01471941122355,52.43066361556064,49.04757548032937,48.25744388456253,46.50413983440662,49.07706422018349,46.61971830985915,44.13442150744119,45.64945792462571,46.85095890410959,43.74096385542169,46.57433920704846,45.04900881057269,44.01370614035088,47.02756339581036,43.9983498349835,43.120242691671265,43.834432234432235
